date,time
2011-01-20,00:00:00
2011-01-20,01:00:00
2011-01-20,02:00:00
2011-01-20,03:00:00
2011-01-20,04:00:00
2011-01-20,05:00:00
2011-01-20,06:00:00
2011-01-20,07:00:00
2011-01-20,08:00:00
2011-01-20,09:00:00
2011-01-20,10:00:00
2011-01-20,11:00:00
2011-01-20,12:00:00
2011-01-20,13:00:00
2011-01-20,14:00:00
2011-01-20,15:00:00
2011-01-20,16:00:00
2011-01-20,17:00:00
2011-01-20,18:00:00
2011-01-20,19:00:00
2011-01-20,20:00:00
2011-01-20,21:00:00
2011-01-20,22:00:00
2011-01-20,23:00:00
2011-01-21,00:00:00
2011-01-21,01:00:00
2011-01-21,02:00:00
2011-01-21,03:00:00
2011-01-21,04:00:00
2011-01-21,05:00:00
2011-01-21,06:00:00
2011-01-21,07:00:00
2011-01-21,08:00:00
2011-01-21,09:00:00
2011-01-21,10:00:00
2011-01-21,11:00:00
2011-01-21,12:00:00
2011-01-21,13:00:00
2011-01-21,14:00:00
2011-01-21,15:00:00
2011-01-21,16:00:00
2011-01-21,17:00:00
2011-01-21,18:00:00
2011-01-21,19:00:00
2011-01-21,20:00:00
2011-01-21,21:00:00
2011-01-21,22:00:00
2011-01-21,23:00:00
2011-01-22,00:00:00
2011-01-22,01:00:00
2011-01-22,02:00:00
2011-01-22,03:00:00
2011-01-22,04:00:00
2011-01-22,06:00:00
2011-01-22,07:00:00
2011-01-22,08:00:00
2011-01-22,09:00:00
2011-01-22,10:00:00
2011-01-22,11:00:00
2011-01-22,12:00:00
2011-01-22,13:00:00
2011-01-22,14:00:00
2011-01-22,15:00:00
2011-01-22,16:00:00
2011-01-22,17:00:00
2011-01-22,18:00:00
2011-01-22,19:00:00
2011-01-22,20:00:00
2011-01-22,21:00:00
2011-01-22,22:00:00
2011-01-22,23:00:00
2011-01-23,00:00:00
2011-01-23,01:00:00
2011-01-23,02:00:00
2011-01-23,03:00:00
2011-01-23,05:00:00
2011-01-23,06:00:00
2011-01-23,07:00:00
2011-01-23,08:00:00
2011-01-23,09:00:00
2011-01-23,10:00:00
2011-01-23,11:00:00
2011-01-23,12:00:00
2011-01-23,13:00:00
2011-01-23,14:00:00
2011-01-23,15:00:00
2011-01-23,16:00:00
2011-01-23,17:00:00
2011-01-23,18:00:00
2011-01-23,19:00:00
2011-01-23,20:00:00
2011-01-23,21:00:00
2011-01-23,22:00:00
2011-01-23,23:00:00
2011-01-24,00:00:00
2011-01-24,01:00:00
2011-01-24,03:00:00
2011-01-24,04:00:00
2011-01-24,05:00:00
2011-01-24,06:00:00
2011-01-24,07:00:00
2011-01-24,08:00:00
2011-01-24,09:00:00
2011-01-24,10:00:00
2011-01-24,11:00:00
2011-01-24,12:00:00
2011-01-24,13:00:00
2011-01-24,14:00:00
2011-01-24,15:00:00
2011-01-24,16:00:00
2011-01-24,17:00:00
2011-01-24,18:00:00
2011-01-24,19:00:00
2011-01-24,20:00:00
2011-01-24,21:00:00
2011-01-24,22:00:00
2011-01-24,23:00:00
2011-01-25,00:00:00
2011-01-25,01:00:00
2011-01-25,02:00:00
2011-01-25,04:00:00
2011-01-25,05:00:00
2011-01-25,06:00:00
2011-01-25,07:00:00
2011-01-25,08:00:00
2011-01-25,09:00:00
2011-01-25,10:00:00
2011-01-25,11:00:00
2011-01-25,12:00:00
2011-01-25,13:00:00
2011-01-25,14:00:00
2011-01-25,15:00:00
2011-01-25,16:00:00
2011-01-25,17:00:00
2011-01-25,18:00:00
2011-01-25,19:00:00
2011-01-25,20:00:00
2011-01-25,21:00:00
2011-01-25,22:00:00
2011-01-25,23:00:00
2011-01-26,00:00:00
2011-01-26,01:00:00
2011-01-26,02:00:00
2011-01-26,05:00:00
2011-01-26,06:00:00
2011-01-26,07:00:00
2011-01-26,08:00:00
2011-01-26,09:00:00
2011-01-26,10:00:00
2011-01-26,11:00:00
2011-01-26,12:00:00
2011-01-26,13:00:00
2011-01-26,14:00:00
2011-01-26,15:00:00
2011-01-26,16:00:00
2011-01-26,17:00:00
2011-01-27,16:00:00
2011-01-27,17:00:00
2011-01-27,18:00:00
2011-01-27,19:00:00
2011-01-27,20:00:00
2011-01-27,21:00:00
2011-01-27,22:00:00
2011-01-27,23:00:00
2011-01-28,00:00:00
2011-01-28,01:00:00
2011-01-28,02:00:00
2011-01-28,03:00:00
2011-01-28,05:00:00
2011-01-28,06:00:00
2011-01-28,07:00:00
2011-01-28,08:00:00
2011-01-28,09:00:00
2011-01-28,10:00:00
2011-01-28,11:00:00
2011-01-28,12:00:00
2011-01-28,13:00:00
2011-01-28,14:00:00
2011-01-28,15:00:00
2011-01-28,16:00:00
2011-01-28,17:00:00
2011-01-28,18:00:00
2011-01-28,19:00:00
2011-01-28,20:00:00
2011-01-28,21:00:00
2011-01-28,22:00:00
2011-01-28,23:00:00
2011-01-29,00:00:00
2011-01-29,01:00:00
2011-01-29,02:00:00
2011-01-29,03:00:00
2011-01-29,04:00:00
2011-01-29,06:00:00
2011-01-29,07:00:00
2011-01-29,08:00:00
2011-01-29,09:00:00
2011-01-29,10:00:00
2011-01-29,11:00:00
2011-01-29,12:00:00
2011-01-29,13:00:00
2011-01-29,14:00:00
2011-01-29,15:00:00
2011-01-29,16:00:00
2011-01-29,17:00:00
2011-01-29,18:00:00
2011-01-29,19:00:00
2011-01-29,20:00:00
2011-01-29,21:00:00
2011-01-29,22:00:00
2011-01-29,23:00:00
2011-01-30,00:00:00
2011-01-30,01:00:00
2011-01-30,02:00:00
2011-01-30,03:00:00
2011-01-30,04:00:00
2011-01-30,05:00:00
2011-01-30,07:00:00
2011-01-30,08:00:00
2011-01-30,09:00:00
2011-01-30,10:00:00
2011-01-30,11:00:00
2011-01-30,12:00:00
2011-01-30,13:00:00
2011-01-30,14:00:00
2011-01-30,15:00:00
2011-01-30,16:00:00
2011-01-30,17:00:00
2011-01-30,18:00:00
2011-01-30,19:00:00
2011-01-30,20:00:00
2011-01-30,21:00:00
2011-01-30,22:00:00
2011-01-30,23:00:00
2011-01-31,00:00:00
2011-01-31,01:00:00
2011-01-31,02:00:00
2011-01-31,03:00:00
2011-01-31,04:00:00
2011-01-31,05:00:00
2011-01-31,06:00:00
2011-01-31,07:00:00
2011-01-31,08:00:00
2011-01-31,09:00:00
2011-01-31,10:00:00
2011-01-31,11:00:00
2011-01-31,12:00:00
2011-01-31,13:00:00
2011-01-31,14:00:00
2011-01-31,15:00:00
2011-01-31,16:00:00
2011-01-31,17:00:00
2011-01-31,18:00:00
2011-01-31,19:00:00
2011-01-31,20:00:00
2011-01-31,21:00:00
2011-01-31,22:00:00
2011-01-31,23:00:00
2011-02-20,00:00:00
2011-02-20,01:00:00
2011-02-20,02:00:00
2011-02-20,03:00:00
2011-02-20,04:00:00
2011-02-20,06:00:00
2011-02-20,07:00:00
2011-02-20,08:00:00
2011-02-20,09:00:00
2011-02-20,10:00:00
2011-02-20,11:00:00
2011-02-20,12:00:00
2011-02-20,13:00:00
2011-02-20,14:00:00
2011-02-20,15:00:00
2011-02-20,16:00:00
2011-02-20,17:00:00
2011-02-20,18:00:00
2011-02-20,19:00:00
2011-02-20,20:00:00
2011-02-20,21:00:00
2011-02-20,22:00:00
2011-02-20,23:00:00
2011-02-21,00:00:00
2011-02-21,01:00:00
2011-02-21,02:00:00
2011-02-21,03:00:00
2011-02-21,04:00:00
2011-02-21,05:00:00
2011-02-21,06:00:00
2011-02-21,07:00:00
2011-02-21,08:00:00
2011-02-21,09:00:00
2011-02-21,10:00:00
2011-02-21,11:00:00
2011-02-21,12:00:00
2011-02-21,13:00:00
2011-02-21,14:00:00
2011-02-21,15:00:00
2011-02-21,16:00:00
2011-02-21,17:00:00
2011-02-21,18:00:00
2011-02-21,19:00:00
2011-02-21,20:00:00
2011-02-21,21:00:00
2011-02-21,22:00:00
2011-02-21,23:00:00
2011-02-22,06:00:00
2011-02-22,07:00:00
2011-02-22,08:00:00
2011-02-22,09:00:00
2011-02-22,10:00:00
2011-02-22,11:00:00
2011-02-22,12:00:00
2011-02-22,13:00:00
2011-02-22,14:00:00
2011-02-22,15:00:00
2011-02-22,16:00:00
2011-02-22,17:00:00
2011-02-22,18:00:00
2011-02-22,19:00:00
2011-02-22,20:00:00
2011-02-22,21:00:00
2011-02-22,22:00:00
2011-02-22,23:00:00
2011-02-23,00:00:00
2011-02-23,01:00:00
2011-02-23,02:00:00
2011-02-23,03:00:00
2011-02-23,05:00:00
2011-02-23,06:00:00
2011-02-23,07:00:00
2011-02-23,08:00:00
2011-02-23,09:00:00
2011-02-23,10:00:00
2011-02-23,11:00:00
2011-02-23,12:00:00
2011-02-23,13:00:00
2011-02-23,14:00:00
2011-02-23,15:00:00
2011-02-23,16:00:00
2011-02-23,17:00:00
2011-02-23,18:00:00
2011-02-23,19:00:00
2011-02-23,20:00:00
2011-02-23,21:00:00
2011-02-23,22:00:00
2011-02-23,23:00:00
2011-02-24,00:00:00
2011-02-24,01:00:00
2011-02-24,02:00:00
2011-02-24,03:00:00
2011-02-24,05:00:00
2011-02-24,06:00:00
2011-02-24,07:00:00
2011-02-24,08:00:00
2011-02-24,09:00:00
2011-02-24,10:00:00
2011-02-24,11:00:00
2011-02-24,12:00:00
2011-02-24,13:00:00
2011-02-24,14:00:00
2011-02-24,15:00:00
2011-02-24,16:00:00
2011-02-24,17:00:00
2011-02-24,18:00:00
2011-02-24,19:00:00
2011-02-24,20:00:00
2011-02-24,21:00:00
2011-02-24,22:00:00
2011-02-24,23:00:00
2011-02-25,00:00:00
2011-02-25,01:00:00
2011-02-25,02:00:00
2011-02-25,03:00:00
2011-02-25,05:00:00
2011-02-25,06:00:00
2011-02-25,07:00:00
2011-02-25,08:00:00
2011-02-25,09:00:00
2011-02-25,10:00:00
2011-02-25,11:00:00
2011-02-25,12:00:00
2011-02-25,13:00:00
2011-02-25,14:00:00
2011-02-25,15:00:00
2011-02-25,16:00:00
2011-02-25,17:00:00
2011-02-25,18:00:00
2011-02-25,19:00:00
2011-02-25,20:00:00
2011-02-25,21:00:00
2011-02-25,22:00:00
2011-02-25,23:00:00
2011-02-26,00:00:00
2011-02-26,01:00:00
2011-02-26,02:00:00
2011-02-26,03:00:00
2011-02-26,04:00:00
2011-02-26,05:00:00
2011-02-26,06:00:00
2011-02-26,07:00:00
2011-02-26,08:00:00
2011-02-26,09:00:00
2011-02-26,10:00:00
2011-02-26,11:00:00
2011-02-26,12:00:00
2011-02-26,13:00:00
2011-02-26,14:00:00
2011-02-26,15:00:00
2011-02-26,16:00:00
2011-02-26,17:00:00
2011-02-26,18:00:00
2011-02-26,19:00:00
2011-02-26,20:00:00
2011-02-26,21:00:00
2011-02-26,22:00:00
2011-02-26,23:00:00
2011-02-27,00:00:00
2011-02-27,01:00:00
2011-02-27,02:00:00
2011-02-27,03:00:00
2011-02-27,04:00:00
2011-02-27,06:00:00
2011-02-27,07:00:00
2011-02-27,08:00:00
2011-02-27,09:00:00
2011-02-27,10:00:00
2011-02-27,11:00:00
2011-02-27,12:00:00
2011-02-27,13:00:00
2011-02-27,14:00:00
2011-02-27,15:00:00
2011-02-27,16:00:00
2011-02-27,17:00:00
2011-02-27,18:00:00
2011-02-27,19:00:00
2011-02-27,20:00:00
2011-02-27,21:00:00
2011-02-27,22:00:00
2011-02-27,23:00:00
2011-02-28,00:00:00
2011-02-28,01:00:00
2011-02-28,03:00:00
2011-02-28,05:00:00
2011-02-28,06:00:00
2011-02-28,07:00:00
2011-02-28,08:00:00
2011-02-28,09:00:00
2011-02-28,10:00:00
2011-02-28,11:00:00
2011-02-28,12:00:00
2011-02-28,13:00:00
2011-02-28,14:00:00
2011-02-28,15:00:00
2011-02-28,16:00:00
2011-02-28,17:00:00
2011-02-28,18:00:00
2011-02-28,19:00:00
2011-02-28,20:00:00
2011-02-28,21:00:00
2011-02-28,22:00:00
2011-02-28,23:00:00
2011-03-20,00:00:00
2011-03-20,01:00:00
2011-03-20,02:00:00
2011-03-20,03:00:00
2011-03-20,04:00:00
2011-03-20,05:00:00
2011-03-20,06:00:00
2011-03-20,07:00:00
2011-03-20,08:00:00
2011-03-20,09:00:00
2011-03-20,10:00:00
2011-03-20,11:00:00
2011-03-20,12:00:00
2011-03-20,13:00:00
2011-03-20,14:00:00
2011-03-20,15:00:00
2011-03-20,16:00:00
2011-03-20,17:00:00
2011-03-20,18:00:00
2011-03-20,19:00:00
2011-03-20,20:00:00
2011-03-20,21:00:00
2011-03-20,22:00:00
2011-03-20,23:00:00
2011-03-21,00:00:00
2011-03-21,01:00:00
2011-03-21,02:00:00
2011-03-21,03:00:00
2011-03-21,05:00:00
2011-03-21,06:00:00
2011-03-21,07:00:00
2011-03-21,08:00:00
2011-03-21,09:00:00
2011-03-21,10:00:00
2011-03-21,11:00:00
2011-03-21,12:00:00
2011-03-21,13:00:00
2011-03-21,14:00:00
2011-03-21,15:00:00
2011-03-21,16:00:00
2011-03-21,17:00:00
2011-03-21,18:00:00
2011-03-21,19:00:00
2011-03-21,20:00:00
2011-03-21,21:00:00
2011-03-21,22:00:00
2011-03-21,23:00:00
2011-03-22,00:00:00
2011-03-22,01:00:00
2011-03-22,02:00:00
2011-03-22,03:00:00
2011-03-22,04:00:00
2011-03-22,05:00:00
2011-03-22,06:00:00
2011-03-22,07:00:00
2011-03-22,08:00:00
2011-03-22,09:00:00
2011-03-22,10:00:00
2011-03-22,11:00:00
2011-03-22,12:00:00
2011-03-22,13:00:00
2011-03-22,14:00:00
2011-03-22,15:00:00
2011-03-22,16:00:00
2011-03-22,17:00:00
2011-03-22,18:00:00
2011-03-22,19:00:00
2011-03-22,20:00:00
2011-03-22,21:00:00
2011-03-22,22:00:00
2011-03-22,23:00:00
2011-03-23,00:00:00
2011-03-23,01:00:00
2011-03-23,02:00:00
2011-03-23,03:00:00
2011-03-23,05:00:00
2011-03-23,06:00:00
2011-03-23,07:00:00
2011-03-23,08:00:00
2011-03-23,09:00:00
2011-03-23,10:00:00
2011-03-23,11:00:00
2011-03-23,12:00:00
2011-03-23,13:00:00
2011-03-23,14:00:00
2011-03-23,15:00:00
2011-03-23,16:00:00
2011-03-23,17:00:00
2011-03-23,18:00:00
2011-03-23,19:00:00
2011-03-23,20:00:00
2011-03-23,21:00:00
2011-03-23,22:00:00
2011-03-23,23:00:00
2011-03-24,00:00:00
2011-03-24,01:00:00
2011-03-24,02:00:00
2011-03-24,03:00:00
2011-03-24,04:00:00
2011-03-24,05:00:00
2011-03-24,06:00:00
2011-03-24,07:00:00
2011-03-24,08:00:00
2011-03-24,09:00:00
2011-03-24,10:00:00
2011-03-24,11:00:00
2011-03-24,12:00:00
2011-03-24,13:00:00
2011-03-24,14:00:00
2011-03-24,15:00:00
2011-03-24,16:00:00
2011-03-24,17:00:00
2011-03-24,18:00:00
2011-03-24,19:00:00
2011-03-24,20:00:00
2011-03-24,21:00:00
2011-03-24,22:00:00
2011-03-24,23:00:00
2011-03-25,00:00:00
2011-03-25,01:00:00
2011-03-25,02:00:00
2011-03-25,03:00:00
2011-03-25,04:00:00
2011-03-25,05:00:00
2011-03-25,06:00:00
2011-03-25,07:00:00
2011-03-25,08:00:00
2011-03-25,09:00:00
2011-03-25,10:00:00
2011-03-25,11:00:00
2011-03-25,12:00:00
2011-03-25,13:00:00
2011-03-25,14:00:00
2011-03-25,15:00:00
2011-03-25,16:00:00
2011-03-25,17:00:00
2011-03-25,18:00:00
2011-03-25,19:00:00
2011-03-25,20:00:00
2011-03-25,21:00:00
2011-03-25,22:00:00
2011-03-25,23:00:00
2011-03-26,00:00:00
2011-03-26,01:00:00
2011-03-26,02:00:00
2011-03-26,03:00:00
2011-03-26,04:00:00
2011-03-26,05:00:00
2011-03-26,06:00:00
2011-03-26,07:00:00
2011-03-26,08:00:00
2011-03-26,09:00:00
2011-03-26,10:00:00
2011-03-26,11:00:00
2011-03-26,12:00:00
2011-03-26,13:00:00
2011-03-26,14:00:00
2011-03-26,15:00:00
2011-03-26,16:00:00
2011-03-26,17:00:00
2011-03-26,18:00:00
2011-03-26,19:00:00
2011-03-26,20:00:00
2011-03-26,21:00:00
2011-03-26,22:00:00
2011-03-26,23:00:00
2011-03-27,00:00:00
2011-03-27,01:00:00
2011-03-27,02:00:00
2011-03-27,03:00:00
2011-03-27,04:00:00
2011-03-27,06:00:00
2011-03-27,07:00:00
2011-03-27,08:00:00
2011-03-27,09:00:00
2011-03-27,10:00:00
2011-03-27,11:00:00
2011-03-27,12:00:00
2011-03-27,13:00:00
2011-03-27,14:00:00
2011-03-27,15:00:00
2011-03-27,16:00:00
2011-03-27,17:00:00
2011-03-27,18:00:00
2011-03-27,19:00:00
2011-03-27,20:00:00
2011-03-27,21:00:00
2011-03-27,22:00:00
2011-03-27,23:00:00
2011-03-28,00:00:00
2011-03-28,01:00:00
2011-03-28,02:00:00
2011-03-28,03:00:00
2011-03-28,05:00:00
2011-03-28,06:00:00
2011-03-28,07:00:00
2011-03-28,08:00:00
2011-03-28,09:00:00
2011-03-28,10:00:00
2011-03-28,11:00:00
2011-03-28,12:00:00
2011-03-28,13:00:00
2011-03-28,14:00:00
2011-03-28,15:00:00
2011-03-28,16:00:00
2011-03-28,17:00:00
2011-03-28,18:00:00
2011-03-28,19:00:00
2011-03-28,20:00:00
2011-03-28,21:00:00
2011-03-28,22:00:00
2011-03-28,23:00:00
2011-03-29,00:00:00
2011-03-29,01:00:00
2011-03-29,02:00:00
2011-03-29,03:00:00
2011-03-29,04:00:00
2011-03-29,05:00:00
2011-03-29,06:00:00
2011-03-29,07:00:00
2011-03-29,08:00:00
2011-03-29,09:00:00
2011-03-29,10:00:00
2011-03-29,11:00:00
2011-03-29,12:00:00
2011-03-29,13:00:00
2011-03-29,14:00:00
2011-03-29,15:00:00
2011-03-29,16:00:00
2011-03-29,17:00:00
2011-03-29,18:00:00
2011-03-29,19:00:00
2011-03-29,20:00:00
2011-03-29,21:00:00
2011-03-29,22:00:00
2011-03-29,23:00:00
2011-03-30,00:00:00
2011-03-30,01:00:00
2011-03-30,02:00:00
2011-03-30,03:00:00
2011-03-30,04:00:00
2011-03-30,05:00:00
2011-03-30,06:00:00
2011-03-30,07:00:00
2011-03-30,08:00:00
2011-03-30,09:00:00
2011-03-30,10:00:00
2011-03-30,11:00:00
2011-03-30,12:00:00
2011-03-30,13:00:00
2011-03-30,14:00:00
2011-03-30,15:00:00
2011-03-30,16:00:00
2011-03-30,17:00:00
2011-03-30,18:00:00
2011-03-30,19:00:00
2011-03-30,20:00:00
2011-03-30,21:00:00
2011-03-30,22:00:00
2011-03-30,23:00:00
2011-03-31,00:00:00
2011-03-31,01:00:00
2011-03-31,02:00:00
2011-03-31,03:00:00
2011-03-31,04:00:00
2011-03-31,05:00:00
2011-03-31,06:00:00
2011-03-31,07:00:00
2011-03-31,08:00:00
2011-03-31,09:00:00
2011-03-31,10:00:00
2011-03-31,11:00:00
2011-03-31,12:00:00
2011-03-31,13:00:00
2011-03-31,14:00:00
2011-03-31,15:00:00
2011-03-31,16:00:00
2011-03-31,17:00:00
2011-03-31,18:00:00
2011-03-31,19:00:00
2011-03-31,20:00:00
2011-03-31,21:00:00
2011-03-31,22:00:00
2011-03-31,23:00:00
2011-04-20,00:00:00
2011-04-20,01:00:00
2011-04-20,02:00:00
2011-04-20,03:00:00
2011-04-20,04:00:00
2011-04-20,05:00:00
2011-04-20,06:00:00
2011-04-20,07:00:00
2011-04-20,08:00:00
2011-04-20,09:00:00
2011-04-20,10:00:00
2011-04-20,11:00:00
2011-04-20,12:00:00
2011-04-20,13:00:00
2011-04-20,14:00:00
2011-04-20,15:00:00
2011-04-20,16:00:00
2011-04-20,17:00:00
2011-04-20,18:00:00
2011-04-20,19:00:00
2011-04-20,20:00:00
2011-04-20,21:00:00
2011-04-20,22:00:00
2011-04-20,23:00:00
2011-04-21,00:00:00
2011-04-21,01:00:00
2011-04-21,02:00:00
2011-04-21,03:00:00
2011-04-21,04:00:00
2011-04-21,05:00:00
2011-04-21,06:00:00
2011-04-21,07:00:00
2011-04-21,08:00:00
2011-04-21,09:00:00
2011-04-21,10:00:00
2011-04-21,11:00:00
2011-04-21,12:00:00
2011-04-21,13:00:00
2011-04-21,14:00:00
2011-04-21,15:00:00
2011-04-21,16:00:00
2011-04-21,17:00:00
2011-04-21,18:00:00
2011-04-21,19:00:00
2011-04-21,20:00:00
2011-04-21,21:00:00
2011-04-21,22:00:00
2011-04-21,23:00:00
2011-04-22,00:00:00
2011-04-22,01:00:00
2011-04-22,02:00:00
2011-04-22,03:00:00
2011-04-22,04:00:00
2011-04-22,05:00:00
2011-04-22,06:00:00
2011-04-22,07:00:00
2011-04-22,08:00:00
2011-04-22,09:00:00
2011-04-22,10:00:00
2011-04-22,11:00:00
2011-04-22,12:00:00
2011-04-22,13:00:00
2011-04-22,14:00:00
2011-04-22,15:00:00
2011-04-22,16:00:00
2011-04-22,17:00:00
2011-04-22,18:00:00
2011-04-22,19:00:00
2011-04-22,20:00:00
2011-04-22,21:00:00
2011-04-22,22:00:00
2011-04-22,23:00:00
2011-04-23,00:00:00
2011-04-23,01:00:00
2011-04-23,02:00:00
2011-04-23,03:00:00
2011-04-23,04:00:00
2011-04-23,05:00:00
2011-04-23,06:00:00
2011-04-23,07:00:00
2011-04-23,08:00:00
2011-04-23,09:00:00
2011-04-23,10:00:00
2011-04-23,11:00:00
2011-04-23,12:00:00
2011-04-23,13:00:00
2011-04-23,14:00:00
2011-04-23,15:00:00
2011-04-23,16:00:00
2011-04-23,17:00:00
2011-04-23,18:00:00
2011-04-23,19:00:00
2011-04-23,20:00:00
2011-04-23,21:00:00
2011-04-23,22:00:00
2011-04-23,23:00:00
2011-04-24,00:00:00
2011-04-24,01:00:00
2011-04-24,02:00:00
2011-04-24,03:00:00
2011-04-24,04:00:00
2011-04-24,05:00:00
2011-04-24,06:00:00
2011-04-24,07:00:00
2011-04-24,08:00:00
2011-04-24,09:00:00
2011-04-24,10:00:00
2011-04-24,11:00:00
2011-04-24,12:00:00
2011-04-24,13:00:00
2011-04-24,14:00:00
2011-04-24,15:00:00
2011-04-24,16:00:00
2011-04-24,17:00:00
2011-04-24,18:00:00
2011-04-24,19:00:00
2011-04-24,20:00:00
2011-04-24,21:00:00
2011-04-24,22:00:00
2011-04-24,23:00:00
2011-04-25,00:00:00
2011-04-25,01:00:00
2011-04-25,02:00:00
2011-04-25,03:00:00
2011-04-25,04:00:00
2011-04-25,05:00:00
2011-04-25,06:00:00
2011-04-25,07:00:00
2011-04-25,08:00:00
2011-04-25,09:00:00
2011-04-25,10:00:00
2011-04-25,11:00:00
2011-04-25,12:00:00
2011-04-25,13:00:00
2011-04-25,14:00:00
2011-04-25,15:00:00
2011-04-25,16:00:00
2011-04-25,17:00:00
2011-04-25,18:00:00
2011-04-25,19:00:00
2011-04-25,20:00:00
2011-04-25,21:00:00
2011-04-25,22:00:00
2011-04-25,23:00:00
2011-04-26,00:00:00
2011-04-26,01:00:00
2011-04-26,02:00:00
2011-04-26,03:00:00
2011-04-26,04:00:00
2011-04-26,05:00:00
2011-04-26,06:00:00
2011-04-26,07:00:00
2011-04-26,08:00:00
2011-04-26,09:00:00
2011-04-26,10:00:00
2011-04-26,11:00:00
2011-04-26,12:00:00
2011-04-26,13:00:00
2011-04-26,14:00:00
2011-04-26,15:00:00
2011-04-26,16:00:00
2011-04-26,17:00:00
2011-04-26,18:00:00
2011-04-26,19:00:00
2011-04-26,20:00:00
2011-04-26,21:00:00
2011-04-26,22:00:00
2011-04-26,23:00:00
2011-04-27,00:00:00
2011-04-27,01:00:00
2011-04-27,02:00:00
2011-04-27,03:00:00
2011-04-27,04:00:00
2011-04-27,05:00:00
2011-04-27,06:00:00
2011-04-27,07:00:00
2011-04-27,08:00:00
2011-04-27,09:00:00
2011-04-27,10:00:00
2011-04-27,11:00:00
2011-04-27,12:00:00
2011-04-27,13:00:00
2011-04-27,14:00:00
2011-04-27,15:00:00
2011-04-27,16:00:00
2011-04-27,17:00:00
2011-04-27,18:00:00
2011-04-27,19:00:00
2011-04-27,20:00:00
2011-04-27,21:00:00
2011-04-27,22:00:00
2011-04-27,23:00:00
2011-04-28,00:00:00
2011-04-28,01:00:00
2011-04-28,02:00:00
2011-04-28,03:00:00
2011-04-28,04:00:00
2011-04-28,05:00:00
2011-04-28,06:00:00
2011-04-28,07:00:00
2011-04-28,08:00:00
2011-04-28,09:00:00
2011-04-28,10:00:00
2011-04-28,11:00:00
2011-04-28,12:00:00
2011-04-28,13:00:00
2011-04-28,14:00:00
2011-04-28,15:00:00
2011-04-28,16:00:00
2011-04-28,17:00:00
2011-04-28,18:00:00
2011-04-28,19:00:00
2011-04-28,20:00:00
2011-04-28,21:00:00
2011-04-28,22:00:00
2011-04-28,23:00:00
2011-04-29,00:00:00
2011-04-29,01:00:00
2011-04-29,02:00:00
2011-04-29,03:00:00
2011-04-29,04:00:00
2011-04-29,05:00:00
2011-04-29,06:00:00
2011-04-29,07:00:00
2011-04-29,08:00:00
2011-04-29,09:00:00
2011-04-29,10:00:00
2011-04-29,11:00:00
2011-04-29,12:00:00
2011-04-29,13:00:00
2011-04-29,14:00:00
2011-04-29,15:00:00
2011-04-29,16:00:00
2011-04-29,17:00:00
2011-04-29,18:00:00
2011-04-29,19:00:00
2011-04-29,20:00:00
2011-04-29,21:00:00
2011-04-29,22:00:00
2011-04-29,23:00:00
2011-04-30,00:00:00
2011-04-30,01:00:00
2011-04-30,02:00:00
2011-04-30,03:00:00
2011-04-30,04:00:00
2011-04-30,05:00:00
2011-04-30,06:00:00
2011-04-30,07:00:00
2011-04-30,08:00:00
2011-04-30,09:00:00
2011-04-30,10:00:00
2011-04-30,11:00:00
2011-04-30,12:00:00
2011-04-30,13:00:00
2011-04-30,14:00:00
2011-04-30,15:00:00
2011-04-30,16:00:00
2011-04-30,17:00:00
2011-04-30,18:00:00
2011-04-30,19:00:00
2011-04-30,20:00:00
2011-04-30,21:00:00
2011-04-30,22:00:00
2011-04-30,23:00:00
2011-05-20,00:00:00
2011-05-20,01:00:00
2011-05-20,02:00:00
2011-05-20,03:00:00
2011-05-20,04:00:00
2011-05-20,05:00:00
2011-05-20,06:00:00
2011-05-20,07:00:00
2011-05-20,08:00:00
2011-05-20,09:00:00
2011-05-20,10:00:00
2011-05-20,11:00:00
2011-05-20,12:00:00
2011-05-20,13:00:00
2011-05-20,14:00:00
2011-05-20,15:00:00
2011-05-20,16:00:00
2011-05-20,17:00:00
2011-05-20,18:00:00
2011-05-20,19:00:00
2011-05-20,20:00:00
2011-05-20,21:00:00
2011-05-20,22:00:00
2011-05-20,23:00:00
2011-05-21,00:00:00
2011-05-21,01:00:00
2011-05-21,02:00:00
2011-05-21,03:00:00
2011-05-21,04:00:00
2011-05-21,05:00:00
2011-05-21,06:00:00
2011-05-21,07:00:00
2011-05-21,08:00:00
2011-05-21,09:00:00
2011-05-21,10:00:00
2011-05-21,11:00:00
2011-05-21,12:00:00
2011-05-21,13:00:00
2011-05-21,14:00:00
2011-05-21,15:00:00
2011-05-21,16:00:00
2011-05-21,17:00:00
2011-05-21,18:00:00
2011-05-21,19:00:00
2011-05-21,20:00:00
2011-05-21,21:00:00
2011-05-21,22:00:00
2011-05-21,23:00:00
2011-05-22,00:00:00
2011-05-22,01:00:00
2011-05-22,02:00:00
2011-05-22,03:00:00
2011-05-22,04:00:00
2011-05-22,05:00:00
2011-05-22,06:00:00
2011-05-22,07:00:00
2011-05-22,08:00:00
2011-05-22,09:00:00
2011-05-22,10:00:00
2011-05-22,11:00:00
2011-05-22,12:00:00
2011-05-22,13:00:00
2011-05-22,14:00:00
2011-05-22,15:00:00
2011-05-22,16:00:00
2011-05-22,17:00:00
2011-05-22,18:00:00
2011-05-22,19:00:00
2011-05-22,20:00:00
2011-05-22,21:00:00
2011-05-22,22:00:00
2011-05-22,23:00:00
2011-05-23,00:00:00
2011-05-23,01:00:00
2011-05-23,02:00:00
2011-05-23,03:00:00
2011-05-23,04:00:00
2011-05-23,05:00:00
2011-05-23,06:00:00
2011-05-23,07:00:00
2011-05-23,08:00:00
2011-05-23,09:00:00
2011-05-23,10:00:00
2011-05-23,11:00:00
2011-05-23,12:00:00
2011-05-23,13:00:00
2011-05-23,14:00:00
2011-05-23,15:00:00
2011-05-23,16:00:00
2011-05-23,17:00:00
2011-05-23,18:00:00
2011-05-23,19:00:00
2011-05-23,20:00:00
2011-05-23,21:00:00
2011-05-23,22:00:00
2011-05-23,23:00:00
2011-05-24,00:00:00
2011-05-24,01:00:00
2011-05-24,02:00:00
2011-05-24,03:00:00
2011-05-24,04:00:00
2011-05-24,05:00:00
2011-05-24,06:00:00
2011-05-24,07:00:00
2011-05-24,08:00:00
2011-05-24,09:00:00
2011-05-24,10:00:00
2011-05-24,11:00:00
2011-05-24,12:00:00
2011-05-24,13:00:00
2011-05-24,14:00:00
2011-05-24,15:00:00
2011-05-24,16:00:00
2011-05-24,17:00:00
2011-05-24,18:00:00
2011-05-24,19:00:00
2011-05-24,20:00:00
2011-05-24,21:00:00
2011-05-24,22:00:00
2011-05-24,23:00:00
2011-05-25,00:00:00
2011-05-25,01:00:00
2011-05-25,02:00:00
2011-05-25,03:00:00
2011-05-25,04:00:00
2011-05-25,05:00:00
2011-05-25,06:00:00
2011-05-25,07:00:00
2011-05-25,08:00:00
2011-05-25,09:00:00
2011-05-25,10:00:00
2011-05-25,11:00:00
2011-05-25,12:00:00
2011-05-25,13:00:00
2011-05-25,14:00:00
2011-05-25,15:00:00
2011-05-25,16:00:00
2011-05-25,17:00:00
2011-05-25,18:00:00
2011-05-25,19:00:00
2011-05-25,20:00:00
2011-05-25,21:00:00
2011-05-25,22:00:00
2011-05-25,23:00:00
2011-05-26,00:00:00
2011-05-26,01:00:00
2011-05-26,02:00:00
2011-05-26,03:00:00
2011-05-26,04:00:00
2011-05-26,05:00:00
2011-05-26,06:00:00
2011-05-26,07:00:00
2011-05-26,08:00:00
2011-05-26,09:00:00
2011-05-26,10:00:00
2011-05-26,11:00:00
2011-05-26,12:00:00
2011-05-26,13:00:00
2011-05-26,14:00:00
2011-05-26,15:00:00
2011-05-26,16:00:00
2011-05-26,17:00:00
2011-05-26,18:00:00
2011-05-26,19:00:00
2011-05-26,20:00:00
2011-05-26,21:00:00
2011-05-26,22:00:00
2011-05-26,23:00:00
2011-05-27,00:00:00
2011-05-27,01:00:00
2011-05-27,02:00:00
2011-05-27,03:00:00
2011-05-27,04:00:00
2011-05-27,05:00:00
2011-05-27,06:00:00
2011-05-27,07:00:00
2011-05-27,08:00:00
2011-05-27,09:00:00
2011-05-27,10:00:00
2011-05-27,11:00:00
2011-05-27,12:00:00
2011-05-27,13:00:00
2011-05-27,14:00:00
2011-05-27,15:00:00
2011-05-27,16:00:00
2011-05-27,17:00:00
2011-05-27,18:00:00
2011-05-27,19:00:00
2011-05-27,20:00:00
2011-05-27,21:00:00
2011-05-27,22:00:00
2011-05-27,23:00:00
2011-05-28,00:00:00
2011-05-28,01:00:00
2011-05-28,02:00:00
2011-05-28,03:00:00
2011-05-28,04:00:00
2011-05-28,05:00:00
2011-05-28,06:00:00
2011-05-28,07:00:00
2011-05-28,08:00:00
2011-05-28,09:00:00
2011-05-28,10:00:00
2011-05-28,11:00:00
2011-05-28,12:00:00
2011-05-28,13:00:00
2011-05-28,14:00:00
2011-05-28,15:00:00
2011-05-28,16:00:00
2011-05-28,17:00:00
2011-05-28,18:00:00
2011-05-28,19:00:00
2011-05-28,20:00:00
2011-05-28,21:00:00
2011-05-28,22:00:00
2011-05-28,23:00:00
2011-05-29,00:00:00
2011-05-29,01:00:00
2011-05-29,02:00:00
2011-05-29,03:00:00
2011-05-29,04:00:00
2011-05-29,05:00:00
2011-05-29,06:00:00
2011-05-29,07:00:00
2011-05-29,08:00:00
2011-05-29,09:00:00
2011-05-29,10:00:00
2011-05-29,11:00:00
2011-05-29,12:00:00
2011-05-29,13:00:00
2011-05-29,14:00:00
2011-05-29,15:00:00
2011-05-29,16:00:00
2011-05-29,17:00:00
2011-05-29,18:00:00
2011-05-29,19:00:00
2011-05-29,20:00:00
2011-05-29,21:00:00
2011-05-29,22:00:00
2011-05-29,23:00:00
2011-05-30,00:00:00
2011-05-30,01:00:00
2011-05-30,02:00:00
2011-05-30,03:00:00
2011-05-30,04:00:00
2011-05-30,05:00:00
2011-05-30,06:00:00
2011-05-30,07:00:00
2011-05-30,08:00:00
2011-05-30,09:00:00
2011-05-30,10:00:00
2011-05-30,11:00:00
2011-05-30,12:00:00
2011-05-30,13:00:00
2011-05-30,14:00:00
2011-05-30,15:00:00
2011-05-30,16:00:00
2011-05-30,17:00:00
2011-05-30,18:00:00
2011-05-30,19:00:00
2011-05-30,20:00:00
2011-05-30,21:00:00
2011-05-30,22:00:00
2011-05-30,23:00:00
2011-05-31,00:00:00
2011-05-31,01:00:00
2011-05-31,02:00:00
2011-05-31,03:00:00
2011-05-31,04:00:00
2011-05-31,05:00:00
2011-05-31,06:00:00
2011-05-31,07:00:00
2011-05-31,08:00:00
2011-05-31,09:00:00
2011-05-31,10:00:00
2011-05-31,11:00:00
2011-05-31,12:00:00
2011-05-31,13:00:00
2011-05-31,14:00:00
2011-05-31,15:00:00
2011-05-31,16:00:00
2011-05-31,17:00:00
2011-05-31,18:00:00
2011-05-31,19:00:00
2011-05-31,20:00:00
2011-05-31,21:00:00
2011-05-31,22:00:00
2011-05-31,23:00:00
2011-06-20,00:00:00
2011-06-20,01:00:00
2011-06-20,02:00:00
2011-06-20,03:00:00
2011-06-20,04:00:00
2011-06-20,05:00:00
2011-06-20,06:00:00
2011-06-20,07:00:00
2011-06-20,08:00:00
2011-06-20,09:00:00
2011-06-20,10:00:00
2011-06-20,11:00:00
2011-06-20,12:00:00
2011-06-20,13:00:00
2011-06-20,14:00:00
2011-06-20,15:00:00
2011-06-20,16:00:00
2011-06-20,17:00:00
2011-06-20,18:00:00
2011-06-20,19:00:00
2011-06-20,20:00:00
2011-06-20,21:00:00
2011-06-20,22:00:00
2011-06-20,23:00:00
2011-06-21,00:00:00
2011-06-21,01:00:00
2011-06-21,02:00:00
2011-06-21,03:00:00
2011-06-21,04:00:00
2011-06-21,05:00:00
2011-06-21,06:00:00
2011-06-21,07:00:00
2011-06-21,08:00:00
2011-06-21,09:00:00
2011-06-21,10:00:00
2011-06-21,11:00:00
2011-06-21,12:00:00
2011-06-21,13:00:00
2011-06-21,14:00:00
2011-06-21,15:00:00
2011-06-21,16:00:00
2011-06-21,17:00:00
2011-06-21,18:00:00
2011-06-21,19:00:00
2011-06-21,20:00:00
2011-06-21,21:00:00
2011-06-21,22:00:00
2011-06-21,23:00:00
2011-06-22,00:00:00
2011-06-22,01:00:00
2011-06-22,02:00:00
2011-06-22,03:00:00
2011-06-22,04:00:00
2011-06-22,05:00:00
2011-06-22,06:00:00
2011-06-22,07:00:00
2011-06-22,08:00:00
2011-06-22,09:00:00
2011-06-22,10:00:00
2011-06-22,11:00:00
2011-06-22,12:00:00
2011-06-22,13:00:00
2011-06-22,14:00:00
2011-06-22,15:00:00
2011-06-22,16:00:00
2011-06-22,17:00:00
2011-06-22,18:00:00
2011-06-22,19:00:00
2011-06-22,20:00:00
2011-06-22,21:00:00
2011-06-22,22:00:00
2011-06-22,23:00:00
2011-06-23,00:00:00
2011-06-23,01:00:00
2011-06-23,02:00:00
2011-06-23,03:00:00
2011-06-23,04:00:00
2011-06-23,05:00:00
2011-06-23,06:00:00
2011-06-23,07:00:00
2011-06-23,08:00:00
2011-06-23,09:00:00
2011-06-23,10:00:00
2011-06-23,11:00:00
2011-06-23,12:00:00
2011-06-23,13:00:00
2011-06-23,14:00:00
2011-06-23,15:00:00
2011-06-23,16:00:00
2011-06-23,17:00:00
2011-06-23,18:00:00
2011-06-23,19:00:00
2011-06-23,20:00:00
2011-06-23,21:00:00
2011-06-23,22:00:00
2011-06-23,23:00:00
2011-06-24,00:00:00
2011-06-24,01:00:00
2011-06-24,02:00:00
2011-06-24,03:00:00
2011-06-24,04:00:00
2011-06-24,05:00:00
2011-06-24,06:00:00
2011-06-24,07:00:00
2011-06-24,08:00:00
2011-06-24,09:00:00
2011-06-24,10:00:00
2011-06-24,11:00:00
2011-06-24,12:00:00
2011-06-24,13:00:00
2011-06-24,14:00:00
2011-06-24,15:00:00
2011-06-24,16:00:00
2011-06-24,17:00:00
2011-06-24,18:00:00
2011-06-24,19:00:00
2011-06-24,20:00:00
2011-06-24,21:00:00
2011-06-24,22:00:00
2011-06-24,23:00:00
2011-06-25,00:00:00
2011-06-25,01:00:00
2011-06-25,02:00:00
2011-06-25,03:00:00
2011-06-25,04:00:00
2011-06-25,05:00:00
2011-06-25,06:00:00
2011-06-25,07:00:00
2011-06-25,08:00:00
2011-06-25,09:00:00
2011-06-25,10:00:00
2011-06-25,11:00:00
2011-06-25,12:00:00
2011-06-25,13:00:00
2011-06-25,14:00:00
2011-06-25,15:00:00
2011-06-25,16:00:00
2011-06-25,17:00:00
2011-06-25,18:00:00
2011-06-25,19:00:00
2011-06-25,20:00:00
2011-06-25,21:00:00
2011-06-25,22:00:00
2011-06-25,23:00:00
2011-06-26,00:00:00
2011-06-26,01:00:00
2011-06-26,02:00:00
2011-06-26,03:00:00
2011-06-26,04:00:00
2011-06-26,05:00:00
2011-06-26,06:00:00
2011-06-26,07:00:00
2011-06-26,08:00:00
2011-06-26,09:00:00
2011-06-26,10:00:00
2011-06-26,11:00:00
2011-06-26,12:00:00
2011-06-26,13:00:00
2011-06-26,14:00:00
2011-06-26,15:00:00
2011-06-26,16:00:00
2011-06-26,17:00:00
2011-06-26,18:00:00
2011-06-26,19:00:00
2011-06-26,20:00:00
2011-06-26,21:00:00
2011-06-26,22:00:00
2011-06-26,23:00:00
2011-06-27,00:00:00
2011-06-27,01:00:00
2011-06-27,02:00:00
2011-06-27,03:00:00
2011-06-27,04:00:00
2011-06-27,05:00:00
2011-06-27,06:00:00
2011-06-27,07:00:00
2011-06-27,08:00:00
2011-06-27,09:00:00
2011-06-27,10:00:00
2011-06-27,11:00:00
2011-06-27,12:00:00
2011-06-27,13:00:00
2011-06-27,14:00:00
2011-06-27,15:00:00
2011-06-27,16:00:00
2011-06-27,17:00:00
